Epoch,Train Loss,Validation Loss
1,4658.936052594866,5419.4007568359375
2,5183.184465680803,4796.976013183594
